{
  "PC_HEALTHXP_growth": {
    "mean": -1.657687228301634,
    "std": 1.6377144924931826,
    "min": -6.418785127795445,
    "max": 2.2089082231374846,
    "median": -1.5918650985673244,
    "values": [
      -2.706263713888324,
      -0.1454843736643507,
      -2.16390245164404,
      -2.514451213776847,
      0.5537329576729588,
      -6.418785127795445,
      -1.341332416547092,
      -2.737906617167185,
      -0.5103617432712926,
      -1.7847958418322096,
      -0.8788459515025049,
      -2.285612009388016,
      -0.151584065781174,
      -1.0255308595642276,
      -0.2840227382311489,
      -3.907178221536322,
      -3.389302178556053,
      -2.316122798911069,
      -3.415730715531917,
      1.7503511070621205,
      -0.5443713135351858,
      -0.4882800622813765,
      -2.234214542422852,
      -2.0427713075823477,
      2.2089082231374846,
      -1.4447103140216466,
      -0.5412331312833585,
      -3.329721920009454,
      -1.1885866620426122,
      -2.217356561073025,
      -1.7390198831130022,
      -4.759282560785172,
      -2.102396174974952,
      -1.37872287848948,
      -0.892518822937094,
      -1.309333333590612
    ]
  },
  "PC_GDP_growth": {
    "mean": -0.4595161723127523,
    "std": 2.1387844480923066,
    "min": -6.784737373191985,
    "max": 3.11320653395164,
    "median": 0.01435254994271995,
    "values": [
      -0.2490014611895352,
      1.2766247049524448,
      -1.3206076910907805,
      -0.011966017655407,
      2.304421815309654,
      -6.784737373191985,
      1.632756902737076,
      -0.5765634356250104,
      1.3140520309586234,
      -1.6027613111409322,
      0.8881445538503563,
      0.1433505862593831,
      0.3242645379859077,
      -0.1267525259097457,
      0.085536964478039,
      -3.53496084303242,
      -3.673645825549909,
      -6.56079402594445,
      -1.6882570138959552,
      3.11320653395164,
      0.4822927996395831,
      0.0447452915470325,
      1.57948317818275,
      -0.4760390938969183,
      1.8007231352250352,
      1.157218468818444,
      0.7940515550104665,
      -2.347272326566674,
      1.6231581128924866,
      -1.8599555375315655,
      -0.8514769046568116,
      -1.1986369295327148,
      -2.357442149701084,
      -0.2759782235422059,
      0.0406711175408469,
      0.3495641970552521
    ]
  },
  "USD_CAP_growth": {
    "mean": 2.352090848964195,
    "std": 2.0186064768952967,
    "min": -3.044643570801553,
    "max": 6.839111709312218,
    "median": 2.2436959157852265,
    "values": [
      1.734883411682242,
      3.2357836385544125,
      1.2275615954914445,
      1.1503801005199987,
      3.902979554769126,
      -3.044643570801553,
      3.529215495590265,
      3.220690029039197,
      4.235138615898837,
      1.423713176576591,
      2.5596178231857447,
      4.707095187762356,
      2.6466820824222914,
      1.992188720495536,
      0.6327637200133518,
      0.0262038576610335,
      0.1267301817071908,
      0.4369095431986158,
      0.250750857135773,
      5.467688752445343,
      1.5970716093094417,
      1.8719921514608997,
      4.709849207952543,
      5.43434702660528,
      4.009087526161603,
      6.839111709312218,
      2.7884475000628184,
      -0.0035944492636663,
      1.9535629393764296,
      2.4952031110749173,
      1.719139951869808,
      5.269297905988979,
      -1.297866058539665,
      2.8704696613974567,
      1.913582943736336,
      3.04323505285784
    ]
  },
  "PC_HEALTHXP_avg": {
    "mean": 16.828475,
    "std": 6.385353793573009,
    "min": 6.7874,
    "max": 31.5094,
    "median": 15.72015,
    "values": [
      13.1034,
      12.0644,
      12.0686,
      16.4811,
      10.4399,
      12.0081,
      16.8244,
      17.6841,
      14.1351,
      6.7874,
      15.563,
      17.774,
      12.2447,
      14.2454,
      28.5476,
      23.3302,
      29.487,
      12.7471,
      12.5937,
      13.394,
      17.6182,
      18.8623,
      21.5209,
      25.5188,
      11.2699,
      26.1257,
      22.6227,
      7.728700000000001,
      7.5172,
      21.233,
      15.8773,
      31.5094,
      26.2351,
      18.5829,
      10.023,
      12.0568
    ]
  },
  "PC_GDP_avg": {
    "mean": 1.3827388888888887,
    "std": 0.4078513245437592,
    "min": 0.6006,
    "max": 2.4333,
    "median": 1.35805,
    "values": [
      1.2641,
      1.2571,
      1.2934,
      1.7931,
      1.1219,
      0.9121,
      1.1594,
      1.3542,
      1.6008,
      0.6992,
      1.4367,
      1.1662,
      1.1554,
      1.6257,
      2.4333,
      1.6251000000000002,
      2.0675,
      1.0782,
      1.0525,
      0.9554,
      1.5577,
      2.0249,
      1.4741,
      1.6684,
      0.6006,
      1.5565,
      1.2737,
      0.8032,
      0.7358,
      1.3619,
      1.5191,
      1.6143999999999998,
      1.8483,
      1.5956,
      1.0876,
      2.0055
    ]
  },
  "USD_CAP_avg": {
    "mean": 525.0243583333333,
    "std": 178.64346987537678,
    "min": 163.3874,
    "max": 1156.1203,
    "median": 509.1568,
    "values": [
      611.4605,
      615.2524000000001,
      582.9294,
      799.7810000000001,
      649.7470999999999,
      163.3874,
      391.0614,
      489.1412,
      790.7067999999999,
      330.5741,
      484.8308,
      358.06530000000004,
      501.1058,
      681.2639,
      637.8403999999999,
      389.6939,
      577.0771000000001,
      580.8226999999999,
      482.1738,
      330.1631,
      578.4642,
      817.9544,
      554.6780000000001,
      517.9147,
      556.1423,
      403.3088,
      239.7192,
      398.1143,
      440.6374,
      398.2795,
      441.9517,
      393.2869,
      538.9135,
      511.7111,
      506.6025,
      1156.1203
    ]
  },
  "PC_HEALTHXP_volatility": {
    "mean": 1.2632923904756193,
    "std": 1.1376127237836893,
    "min": 0.1567306252424482,
    "max": 5.825136740407427,
    "median": 1.012765061458368,
    "values": [
      1.357887836965107,
      0.1567306252424482,
      0.7822313099219579,
      1.008083269267859,
      0.2296550311517972,
      3.010122420913953,
      1.4895384967611056,
      1.5667827226517408,
      0.2720741116354548,
      0.3868640875323297,
      0.5134002120936234,
      1.1491037086935771,
      0.2249973086258788,
      0.5231454439785899,
      1.2391834408189943,
      3.779147987458432,
      2.7963480152195324,
      0.9320069682619808,
      1.7484604688442666,
      0.8473516913825624,
      0.5839398370836955,
      0.8369258629054306,
      1.6793692235148543,
      2.745684727389914,
      1.0174468536488774,
      1.7104712833342486,
      0.5092947302125,
      0.6567676825856232,
      0.2895555214462333,
      1.3117062679324702,
      1.111212555924582,
      5.825136740407427,
      1.3987814101328808,
      1.0282780049945444,
      0.2827660988638248,
      0.4780740993239887
    ]
  },
  "PC_GDP_volatility": {
    "mean": 0.106379946156251,
    "std": 0.08071428587729698,
    "min": 0.0220161556842041,
    "max": 0.3366532835623815,
    "median": 0.0766587483580301,
    "values": [
      0.0402808198084949,
      0.0461433755929396,
      0.0605038107156161,
      0.0528298106081111,
      0.0733855117399431,
      0.2510623871116944,
      0.0800641409537794,
      0.1063284220391394,
      0.058575307653197,
      0.046367613218232,
      0.0799319849761171,
      0.0268940307296784,
      0.0244185721668296,
      0.0660842055427938,
      0.2476014045912413,
      0.3366532835623815,
      0.2854981027374206,
      0.2884594329267886,
      0.1338259649279199,
      0.0917934880285331,
      0.0688122243661853,
      0.1022724574631681,
      0.0958197961453338,
      0.1206152745071884,
      0.0364971840618484,
      0.1129564812955267,
      0.0440808600440397,
      0.0644477393793693,
      0.0508391799916385,
      0.070645358422664,
      0.1324256185352533,
      0.2082830339279274,
      0.1417298290567106,
      0.1033453756423899,
      0.0220161556842041,
      0.0581898234707371
    ]
  },
  "USD_CAP_volatility": {
    "mean": 47.8795938801243,